,attending_count,can_guests_invite,category,guest_list_enabled,interested_count,noreply_count
0,160,True,food,True,7210,242
1,24,True,food,True,717,1
2,1128,True,food,True,14075,1365
3,1851,True,food,True,25433,4061
4,29445,True,food,True,79886,6663
5,2980,True,food,True,22696,6118
6,373,True,food,True,3674,315
7,682,True,food,True,12043,606
8,261,True,food,True,2689,468
9,1619,True,food,True,19201,753
10,10,True,food,True,7585,218
11,317,True,food,True,65239,1100
12,772,True,food,True,5850,680
13,238,True,food,True,6078,502
14,145,True,food,True,1975,190
15,3423,True,food,True,20093,1608
16,58,True,food,True,5169,245
17,46,True,food,True,4836,2502
18,5211,True,food,True,30597,1600
19,1754,True,food,True,38193,1328
20,1073,True,food,True,6552,785
21,1045,True,food,True,23596,1055
22,168,True,food,True,3425,118
23,496,True,food,True,7014,799
24,2454,True,food,True,22932,4614
25,99,True,food,True,3359,43
26,175,True,food,True,3787,66
27,251,True,food,True,6329,154
28,2359,True,food,True,34446,1175
29,522,True,food,True,4404,246
30,835,True,food,True,1634,591
31,353,True,food,True,8188,208
32,680,True,food,True,2569,376
33,310,True,food,True,4314,234
34,432,True,food,True,9169,154
35,629,True,food,True,14940,248
36,142,True,food,True,1674,208
37,289,True,food,True,4413,301
38,697,True,food,True,8173,182
39,363,True,food,True,2767,392
40,154,True,food,True,2291,63
41,197,True,food,True,2529,493
42,536,True,food,True,8547,472
43,1119,True,food,True,9197,600
44,14,True,food,True,3095,67
45,789,True,food,True,17912,457
46,69,True,food,True,7542,333
47,57,True,food,True,7840,2182
48,3,True,food,True,1250,9
49,1138,True,food,True,12693,645
50,36,True,food,True,2508,110
51,648,True,food,True,10345,518
52,296,True,food,True,6947,820
53,393,True,food,True,3929,1334
54,245,True,food,True,5259,89
55,200,True,food,True,4845,134
56,963,True,food,True,9771,383
57,46,True,food,True,17292,2074
58,449,True,food,True,2708,224
59,188,True,food,True,6796,138
60,227,True,food,True,6819,400
61,356,True,food,True,13568,238
62,39,True,food,True,5742,294
63,335,True,food,True,7192,212
64,296,True,food,True,5485,1393
65,591,True,food,True,4705,200
66,286,True,food,True,4566,1817
67,1331,True,food,True,11427,1231
68,787,True,food,True,8911,688
69,1211,True,food,True,6830,1534
70,986,True,food,True,23461,597
71,844,True,food,True,9382,618
72,305,True,food,True,4100,169
73,106,True,food,True,1792,282
74,1781,True,food,True,16054,765
75,592,True,food,True,7968,357
76,538,True,food,True,8704,411
77,454,True,food,True,6080,187
78,138,True,food,True,21236,388
79,246,True,food,True,2026,103
80,264,True,food,True,3692,103
81,233,True,food,True,7481,184
82,548,True,food,True,12753,336
83,627,True,food,True,7632,421
84,563,True,food,True,8205,567
85,86,True,food,True,7200,2146
86,743,True,food,True,5541,381
87,92,True,food,True,6402,174
88,2328,True,food,True,8703,1029
89,641,True,food,True,2847,3040
90,1318,True,food,True,6542,1597
91,254,True,food,True,3667,538
92,264,True,food,True,2422,353
93,419,True,food,True,826,34
94,733,True,food,True,9570,584
95,2310,True,food,True,11856,1107
96,1155,True,food,True,11019,631
97,827,True,food,True,11585,455
98,1064,True,food,True,8612,522
99,13,True,food,True,6964,502
100,979,True,food,True,17458,695
101,546,True,food,True,10317,527
102,372,True,food,True,6398,362
103,718,True,food,True,5937,283
104,430,True,food,True,6518,971
105,654,True,food,True,4134,313
106,279,True,food,True,6001,234
107,23,True,food,True,6088,214
108,13,True,food,True,3527,762
109,260,True,food,True,4768,140
110,332,True,food,True,6922,374
111,10,True,food,True,3500,552
112,244,True,food,True,4621,598
113,274,True,food,True,3766,1425
114,8,True,food,True,4474,1605
115,616,True,food,True,2789,302
116,14,True,food,True,4855,119
117,273,True,food,True,3192,173
118,9,True,food,True,2630,25
119,705,True,food,True,8880,194
120,474,True,food,True,5990,283
121,192,True,food,True,8774,246
122,38,True,food,True,11788,253
123,422,True,food,True,9026,426
124,723,True,food,True,17793,521
125,10,True,food,True,7140,86
126,610,True,food,True,13708,439
127,503,True,food,True,6828,295
128,351,True,food,True,3834,332
129,651,True,food,True,5048,365
130,457,True,food,True,5021,150
131,260,True,food,True,8267,92
132,40,True,food,True,6468,253
133,383,True,food,True,6313,110
134,164,True,food,True,2982,48
135,170,True,food,True,3801,111
136,143,True,food,True,5254,73
137,45,True,food,True,6698,526
138,12,True,food,True,2499,28
139,4,True,food,True,2794,65
140,72,True,food,True,2310,40
141,796,True,food,True,6286,197
142,177,True,food,True,5287,93
143,21,True,food,True,4716,465
144,124,True,food,True,3186,164
145,232,True,food,True,2659,216
146,137,True,food,True,3124,96
147,28,True,food,True,3899,241
148,618,True,food,True,4299,388
149,176,True,food,True,4079,95
150,265,True,food,True,5071,177
151,381,True,food,True,5803,216
152,313,True,food,True,3320,138
153,117,True,food,True,3416,29
154,716,True,food,True,9541,489
155,22,True,food,True,7668,281
156,18,True,food,True,4255,407
157,468,True,food,True,10224,256
158,17,True,food,True,7401,213
159,412,True,food,True,2966,1144
160,9,True,food,True,3037,60
161,324,True,food,True,3183,392
162,8,True,food,True,5082,341
163,133,True,food,True,2675,54
164,273,True,food,True,2192,109
165,14,True,food,True,6781,73
166,172,True,food,True,3252,434
167,447,True,food,True,9957,243
168,353,True,food,True,4813,57
169,174,True,food,True,3293,64
170,377,True,food,True,7470,739
171,1128,True,food,True,15415,724
172,211,True,food,True,4525,231
173,1318,True,food,True,14286,601
174,240,True,food,True,6032,41
175,24,True,food,True,11329,482
176,117,True,food,True,6141,89
177,18,True,food,True,4147,115
178,839,True,food,True,7435,189
179,22,True,food,True,4733,879
180,7,True,food,True,3151,47
181,10,True,food,True,3772,1095
182,8,True,food,True,3169,277
183,193,True,food,True,2373,97
184,815,True,food,True,3868,359
185,211,True,food,True,4030,100
186,446,True,food,True,5670,385
187,592,True,food,True,3028,334
188,173,True,food,True,3754,134
189,213,True,food,True,3917,86
190,126,True,food,True,4232,81
191,174,True,food,True,3919,117
192,21,True,food,True,4205,134
193,411,True,food,True,2532,99
194,82,True,food,True,5166,211
195,13,True,food,True,3117,138
196,414,True,food,True,4336,480
197,162,True,food,True,1632,80
198,1122,True,food,True,5080,329
199,547,True,food,True,2899,109
200,541,True,food,True,4083,157
201,1497,True,food,True,4601,248
202,447,True,food,True,2413,126
203,184,True,food,True,3964,36
204,501,True,food,True,3291,466
205,435,True,food,True,4102,135
206,217,True,food,True,2482,756
207,15126,True,food,True,51381,1726
208,65,True,food,True,8825,301
209,1124,True,food,True,3468,165
210,434,True,food,True,3040,279
211,1251,True,food,True,7933,902
212,262,True,food,True,4683,242
213,1182,True,food,True,7739,544
214,35,True,food,True,4553,100
215,599,True,food,True,4668,881
216,192,True,food,True,4150,40
217,70,True,food,True,5374,276
218,1775,True,food,True,4137,17533
219,684,True,food,True,13414,563
220,346,True,food,True,3096,135
221,524,True,food,True,4600,214
222,1795,True,food,True,13841,1100
223,86,True,food,True,1451,63
224,4308,True,food,True,32749,4381
225,285,True,food,True,2168,843
226,1643,True,food,True,14192,1237
227,480,True,food,True,7946,198
228,4295,True,food,True,29651,2605
229,63,True,food,True,12868,676
230,0,True,food,True,1,0
231,1851,True,food,True,25433,4061
232,29445,True,food,True,79886,6663
233,2981,True,food,True,22695,6118
234,373,True,food,True,3674,315
235,682,True,food,True,12043,606
236,261,True,food,True,2689,468
237,1619,True,food,True,19201,753
238,10,True,food,True,7585,218
239,317,True,food,True,65241,1100
240,145,True,food,True,1975,190
241,3424,True,food,True,20094,1608
242,772,True,food,True,5850,680
243,58,True,food,True,5169,245
244,46,True,food,True,4836,2502
245,5211,True,food,True,30597,1600
246,1754,True,food,True,38193,1328
247,1073,True,food,True,6552,785
248,1045,True,food,True,23596,1055
249,168,True,food,True,3425,118
250,496,True,food,True,7014,799
251,2454,True,food,True,22933,4614
252,99,True,food,True,3359,43
253,175,True,food,True,3787,66
254,251,True,food,True,6329,154
255,2359,True,food,True,34446,1175
256,522,True,food,True,4404,246
257,835,True,food,True,1634,591
258,353,True,food,True,8188,208
259,680,True,food,True,2569,376
260,310,True,food,True,4314,234
261,432,True,food,True,9169,154
262,629,True,food,True,14940,248
263,142,True,food,True,1674,208
264,290,True,food,True,4413,300
265,697,True,food,True,8173,182
266,363,True,food,True,2767,392
267,154,True,food,True,2291,63
268,197,True,food,True,2529,493
269,536,True,food,True,8547,472
270,1119,True,food,True,9197,600
271,14,True,food,True,3095,67
272,790,True,food,True,17913,457
273,69,True,food,True,7542,333
274,57,True,food,True,7840,2182
275,3,True,food,True,1250,9
276,1138,True,food,True,12693,645
277,36,True,food,True,2508,110
278,648,True,food,True,10345,518
279,296,True,food,True,6947,820
280,393,True,food,True,3929,1334
281,245,True,food,True,5259,89
282,200,True,food,True,4845,134
283,963,True,food,True,9771,383
284,46,True,food,True,17292,2074
285,188,True,food,True,6796,138
286,227,True,food,True,6819,400
287,356,True,food,True,13570,238
288,39,True,food,True,5742,294
289,335,True,food,True,7192,212
290,296,True,food,True,5485,1393
291,591,True,food,True,4705,200
292,286,True,food,True,4566,1817
293,1331,True,food,True,11427,1231
294,787,True,food,True,8911,688
295,1211,True,food,True,6830,1534
296,986,True,food,True,23461,597
297,844,True,food,True,9382,618
298,305,True,food,True,4100,169
299,106,True,food,True,1792,282
300,1781,True,food,True,16054,765
301,592,True,food,True,7968,357
302,538,True,food,True,8704,411
303,454,True,food,True,6080,187
304,138,True,food,True,21236,388
305,449,True,food,True,2708,224
306,246,True,food,True,2026,103
307,264,True,food,True,3692,103
308,233,True,food,True,7481,184
309,548,True,food,True,12753,336
310,627,True,food,True,7632,421
311,563,True,food,True,8205,567
312,86,True,food,True,7200,2146
313,743,True,food,True,5541,381
314,92,True,food,True,6402,174
315,2328,True,food,True,8703,1029
316,641,True,food,True,2847,3040
317,1318,True,food,True,6542,1597
318,254,True,food,True,3667,538
319,264,True,food,True,2422,353
320,419,True,food,True,826,34
321,733,True,food,True,9570,584
322,238,True,food,True,6078,502
323,2310,True,food,True,11856,1107
324,1155,True,food,True,11019,631
325,827,True,food,True,11585,455
326,1128,True,food,True,14075,1365
327,1064,True,food,True,8612,522
328,13,True,food,True,6964,502
329,979,True,food,True,17458,695
330,546,True,food,True,10318,527
331,372,True,food,True,6398,362
332,718,True,food,True,5937,283
333,430,True,food,True,6518,971
334,654,True,food,True,4134,313
335,279,True,food,True,6002,234
336,23,True,food,True,6088,214
337,13,True,food,True,3527,762
338,260,True,food,True,4768,140
339,332,True,food,True,6922,374
340,10,True,food,True,3500,552
341,244,True,food,True,4621,598
342,274,True,food,True,3766,1425
343,8,True,food,True,4475,1605
344,616,True,food,True,2789,302
345,14,True,food,True,4855,119
346,273,True,food,True,3192,173
347,9,True,food,True,2630,25
348,705,True,food,True,8880,194
349,474,True,food,True,5990,283
350,192,True,food,True,8774,246
351,38,True,food,True,11788,253
352,422,True,food,True,9027,426
353,723,True,food,True,17793,521
354,10,True,food,True,7140,86
355,610,True,food,True,13708,439
356,503,True,food,True,6828,295
357,351,True,food,True,3834,332
358,651,True,food,True,5048,365
359,457,True,food,True,5021,150
360,260,True,food,True,8267,92
361,40,True,food,True,6469,253
362,383,True,food,True,6313,110
363,164,True,food,True,2982,48
364,170,True,food,True,3801,111
365,143,True,food,True,5254,73
366,45,True,food,True,6698,526
367,12,True,food,True,2499,28
368,4,True,food,True,2794,65
369,72,True,food,True,2310,40
370,796,True,food,True,6286,197
371,177,True,food,True,5287,93
372,21,True,food,True,4716,465
373,124,True,food,True,3186,164
374,232,True,food,True,2659,216
375,137,True,food,True,3124,96
376,28,True,food,True,3900,241
377,618,True,food,True,4299,388
378,176,True,food,True,4079,95
379,265,True,food,True,5071,177
380,381,True,food,True,5803,216
381,313,True,food,True,3320,138
382,117,True,food,True,3416,29
383,716,True,food,True,9541,489
384,22,True,food,True,7668,281
385,18,True,food,True,4255,407
386,468,True,food,True,10224,256
387,17,True,food,True,7402,213
388,412,True,food,True,2968,1143
389,9,True,food,True,3037,60
390,324,True,food,True,3183,392
391,8,True,food,True,5082,341
392,133,True,food,True,2675,54
393,273,True,food,True,2192,109
394,14,True,food,True,6781,73
395,172,True,food,True,3252,434
396,447,True,food,True,9957,243
397,353,True,food,True,4813,57
398,174,True,food,True,3293,64
399,377,True,food,True,7469,739
400,1128,True,food,True,15416,724
401,211,True,food,True,4525,231
402,1318,True,food,True,14286,601
403,240,True,food,True,6032,41
404,24,True,food,True,11329,482
405,117,True,food,True,6141,89
406,18,True,food,True,4148,115
407,839,True,food,True,7435,189
408,22,True,food,True,4733,879
409,7,True,food,True,3151,47
410,10,True,food,True,3772,1095
411,8,True,food,True,3169,277
412,193,True,food,True,2373,97
413,815,True,food,True,3868,359
414,211,True,food,True,4030,100
415,446,True,food,True,5671,385
416,592,True,food,True,3028,334
417,173,True,food,True,3754,134
418,213,True,food,True,3917,86
419,126,True,food,True,4232,81
420,174,True,food,True,3919,117
421,21,True,food,True,4205,134
422,411,True,food,True,2532,99
423,82,True,food,True,5166,211
424,13,True,food,True,3117,138
425,414,True,food,True,4336,480
426,162,True,food,True,1632,80
427,1122,True,food,True,5080,329
428,547,True,food,True,2899,109
429,541,True,food,True,4083,157
430,1497,True,food,True,4601,248
431,447,True,food,True,2413,126
432,184,True,food,True,3964,36
433,501,True,food,True,3291,466
434,435,True,food,True,4102,135
435,217,True,food,True,2482,756
436,15126,True,food,True,51381,1726
437,65,True,food,True,8826,301
438,1124,True,food,True,3468,165
439,434,True,food,True,3040,279
440,1251,True,food,True,7933,902
441,262,True,food,True,4684,242
442,1183,True,food,True,7739,544
443,35,True,food,True,4553,100
444,599,True,food,True,4668,881
445,192,True,food,True,4150,40
446,70,True,food,True,5374,276
447,1775,True,food,True,4137,17533
448,684,True,food,True,13414,563
449,346,True,food,True,3096,135
450,524,True,food,True,4600,214
451,1795,True,food,True,13841,1100
452,86,True,food,True,1451,63
453,4308,True,food,True,32749,4381
454,286,True,food,True,2167,843
455,1643,True,food,True,14192,1237
456,480,True,food,True,7947,198
457,4295,True,food,True,29651,2605
458,63,True,food,True,12868,676
459,0,True,food,True,1,0
460,160,True,travel,True,7210,242
461,24,True,travel,True,717,1
462,160,True,travel,True,7210,242
463,24,True,travel,True,717,1
464,298,True,travel,True,23778,603
465,1258,True,travel,True,8437,975
466,185,True,travel,True,1432,59
467,78,True,travel,True,607,81
468,10,True,travel,True,1056,35
469,137,True,travel,True,12573,424
470,9,True,travel,True,637,62
471,386,True,travel,True,2212,99
472,56,True,travel,True,5884,218
473,264,True,travel,True,1670,148
474,22,True,travel,True,491,23
475,232,True,travel,True,1242,189
476,76,True,travel,True,512,10
477,22,True,travel,True,3113,94
478,58,True,travel,True,5122,168
479,136,True,travel,True,1474,31
480,7,True,travel,True,1037,26
481,706,False,travel,True,168,2774
482,9,True,travel,True,342,331
483,21,True,travel,True,630,34
484,4,True,travel,True,218,1
485,116,True,travel,True,517,832
486,130,True,travel,True,539,27
487,104,True,travel,True,623,28
488,1161,True,travel,True,4594,89
489,20,True,travel,True,4661,101
490,267,True,travel,True,2248,46
491,34,True,travel,True,4297,63
492,93,True,travel,True,690,645
493,1318,True,travel,True,6204,2369
494,5,True,travel,True,288,230
495,303,True,travel,True,1085,82
496,51,True,travel,True,724,6
497,258,True,travel,True,4173,39
498,145,True,travel,True,1248,11
499,274,True,travel,True,3600,39
500,121,True,travel,True,904,977
501,4,True,travel,True,410,994
502,25,True,travel,True,439,18
503,22,True,travel,True,372,9
504,203,True,travel,True,919,13
505,37,True,travel,True,257,3
506,140,True,travel,True,1447,29
507,26,True,travel,True,903,26
508,149,True,travel,True,474,65
509,136,True,travel,True,628,18
510,134,True,travel,True,2315,22
511,304,True,travel,True,1253,59
512,721,True,travel,True,12322,615
513,48,True,travel,True,464,8
514,153,True,travel,True,1854,21
515,176,True,travel,True,2330,27
516,49,True,travel,True,356,485
517,1195,True,travel,True,224,28
518,159,True,travel,False,1347,0
519,14,True,travel,True,3184,122
520,147,True,travel,True,458,21
521,71,True,travel,True,777,139
522,0,True,travel,True,931,116
523,51,True,travel,True,776,43
524,179,True,travel,True,1323,80
525,61,True,travel,True,355,3
526,87,True,travel,True,517,666
527,60,True,travel,True,9453,364
528,86,True,travel,True,402,988
529,144,True,travel,True,3043,277
530,129,True,travel,True,1213,361
531,59,True,travel,True,320,9
532,105,True,travel,True,7168,121
533,37,True,travel,True,503,5
534,117,True,travel,True,991,36
535,165,True,travel,True,578,25
536,76,True,travel,True,541,359
537,11,True,travel,True,213,10
538,151,True,travel,True,1087,19
539,27,True,travel,True,282,2
540,14,True,travel,True,172,3
541,105,True,travel,True,974,177
542,333,True,travel,True,3133,86
543,0,True,travel,False,1172,0
544,33,True,travel,True,243,21
545,28,True,travel,True,435,5
546,5,True,travel,True,111,1
547,35,True,travel,True,283,8
548,15,True,travel,True,241,8
549,26,True,travel,True,109,3
550,50,True,travel,True,272,42
551,91,True,travel,True,489,30
552,72,True,travel,True,9478,335
553,42,True,travel,True,244,368
554,137,True,travel,True,423,797
555,1778,True,travel,True,27226,1065
556,91,True,travel,True,697,64
557,0,True,travel,False,278,0
558,181,True,travel,False,1049,0
559,708,True,travel,True,5204,1756
560,3,True,travel,True,553,50
561,63,True,travel,True,554,46
562,30,True,travel,True,2460,2227
563,12,True,travel,True,1211,6
564,118,True,travel,True,625,144
565,203,True,travel,True,981,41
566,160,True,travel,True,630,19
567,0,True,travel,False,343,0
568,47,True,travel,True,206,7
569,40,True,travel,True,715,94
570,44,True,travel,True,579,4
571,1160,True,travel,True,4415,3422
572,683,True,travel,True,8407,291
573,0,True,travel,False,721,0
574,294,True,travel,False,1135,103
575,54,True,travel,True,267,7
576,70,True,travel,True,459,13
577,150,True,travel,True,1423,443
578,4,True,travel,True,1198,44
579,118,True,travel,True,1992,40
580,11,True,travel,True,237,14392
581,12,True,travel,True,771,32
582,48,True,travel,True,1153,55
583,0,True,travel,True,232,0
584,3719,True,travel,True,17057,732
585,175,True,travel,True,864,52
586,12,True,travel,True,504,7
587,9,True,travel,True,1249,20
588,124,True,travel,True,548,358
589,62,True,travel,True,1527,2831
590,174,True,travel,True,510,1522
591,145,True,travel,True,683,12
592,16,True,travel,True,423,21
593,1577,False,travel,True,8709,4610
594,171,True,travel,True,762,51
595,4,True,travel,True,522,12
596,74,True,travel,True,1566,5
597,0,True,travel,False,246,0
598,225,True,travel,True,5661,195
599,486,True,travel,True,2134,3128
600,172,True,travel,True,480,126
601,433,True,travel,False,1220,268
602,130,True,travel,True,483,98
603,33,True,travel,True,299,48
604,19,True,travel,True,359,5
605,573,True,travel,True,1492,210
606,190,True,travel,True,604,6103
607,69,True,travel,True,404,406
608,258,True,travel,True,973,951
609,7,True,travel,True,916,5
610,4,True,travel,True,321,57
611,130,True,travel,True,775,71
612,83,True,travel,True,2029,104
613,428,True,travel,True,1604,2279
614,97,True,travel,True,348,4
615,11,True,travel,True,655,7
616,167,True,travel,True,1048,1610
617,130,True,travel,True,496,1426
618,128,True,travel,True,1614,127
619,151,True,travel,True,1833,2
620,18,True,travel,True,118,0
621,224,True,travel,True,2220,26
622,41,True,travel,True,1183,4
623,153,True,travel,True,1667,47
624,2627,True,travel,True,48088,1018
625,4,True,travel,True,2397,44
626,4,True,travel,True,508,36
627,119,True,travel,True,24304,1011
628,423,True,travel,True,17670,593
629,0,True,travel,False,1437,0
630,554,True,travel,True,6975,958
631,828,True,travel,True,7093,887
632,854,True,travel,True,26367,708
633,572,True,travel,True,2644,180
634,353,True,travel,True,9117,177
635,1405,True,travel,True,55352,1203
636,202,True,travel,True,726,19
637,1253,True,travel,True,1568,84
638,308,True,travel,True,2923,678
639,92,True,travel,True,600,22
640,228,True,travel,True,2686,23
641,103,True,travel,False,248,0
642,216,True,travel,True,2420,1078
643,51,True,travel,True,153,277
644,150,True,travel,True,1366,109
645,107,True,travel,True,241,48
646,159,True,travel,True,1508,141
647,187,True,travel,True,2357,160
648,285,True,travel,True,1164,14
649,0,True,travel,False,192,0
650,378,True,travel,True,2579,17
651,0,True,travel,False,196,0
652,138,True,travel,True,1702,33
653,85,True,travel,True,1646,127
654,14,True,travel,True,205,50
655,70,True,travel,True,2692,21
656,434,True,travel,True,1118,6109
657,377,True,travel,True,640,1460
658,836,True,travel,True,2537,518
659,674,True,travel,True,16380,338
660,171,True,travel,True,5938,208
661,0,True,travel,False,802,0
662,220,True,travel,True,6432,184
663,68,True,travel,True,3179,151
664,60,True,travel,True,7831,1433
665,1,True,travel,True,2,0
666,0,True,travel,True,3,0
667,160,True,travel,True,7210,242
668,24,True,travel,True,717,1
669,298,True,travel,True,23778,603
670,1258,True,travel,True,8437,975
671,185,True,travel,True,1432,59
672,78,True,travel,True,607,81
673,10,True,travel,True,1056,35
674,137,True,travel,True,12573,424
675,9,True,travel,True,637,62
676,386,True,travel,True,2212,99
677,56,True,travel,True,5884,218
678,264,True,travel,True,1670,148
679,22,True,travel,True,491,23
680,232,True,travel,True,1242,189
681,76,True,travel,True,512,10
682,22,True,travel,True,3113,94
683,58,True,travel,True,5123,168
684,136,True,travel,True,1474,31
685,7,True,travel,True,1037,26
686,706,False,travel,True,168,2774
687,9,True,travel,True,342,331
688,21,True,travel,True,630,34
689,4,True,travel,True,218,1
690,116,True,travel,True,517,832
691,130,True,travel,True,539,27
692,104,True,travel,True,623,28
693,1161,True,travel,True,4594,89
694,20,True,travel,True,4661,101
695,267,True,travel,True,2248,46
696,34,True,travel,True,4297,63
697,93,True,travel,True,690,645
698,1318,True,travel,True,6204,2369
699,5,True,travel,True,288,230
700,303,True,travel,True,1085,82
701,51,True,travel,True,724,6
702,258,True,travel,True,4173,39
703,145,True,travel,True,1248,11
704,274,True,travel,True,3600,39
705,121,True,travel,True,904,977
706,4,True,travel,True,410,994
707,25,True,travel,True,439,18
708,22,True,travel,True,372,9
709,203,True,travel,True,919,13
710,37,True,travel,True,257,3
711,140,True,travel,True,1447,29
712,26,True,travel,True,903,26
713,149,True,travel,True,474,65
714,136,True,travel,True,628,18
715,134,True,travel,True,2315,22
716,304,True,travel,True,1253,59
717,721,True,travel,True,12322,615
718,48,True,travel,True,464,8
719,153,True,travel,True,1854,21
720,176,True,travel,True,2330,27
721,49,True,travel,True,356,485
722,1195,True,travel,True,224,28
723,159,True,travel,False,1347,0
724,14,True,travel,True,3184,122
725,147,True,travel,True,458,21
726,71,True,travel,True,777,139
727,0,True,travel,True,931,116
728,51,True,travel,True,776,43
729,179,True,travel,True,1323,80
730,61,True,travel,True,355,3
731,87,True,travel,True,517,666
732,60,True,travel,True,9453,364
733,86,True,travel,True,402,988
734,144,True,travel,True,3043,277
735,129,True,travel,True,1213,361
736,59,True,travel,True,320,9
737,105,True,travel,True,7168,121
738,37,True,travel,True,503,5
739,117,True,travel,True,991,36
740,165,True,travel,True,578,25
741,76,True,travel,True,541,359
742,11,True,travel,True,213,10
743,151,True,travel,True,1087,19
744,27,True,travel,True,282,2
745,14,True,travel,True,172,3
746,105,True,travel,True,974,177
747,333,True,travel,True,3133,86
748,0,True,travel,False,1172,0
749,33,True,travel,True,243,21
750,28,True,travel,True,435,5
751,5,True,travel,True,111,1
752,35,True,travel,True,283,8
753,15,True,travel,True,241,8
754,26,True,travel,True,109,3
755,50,True,travel,True,272,42
756,91,True,travel,True,489,30
757,72,True,travel,True,9478,335
758,42,True,travel,True,244,368
759,137,True,travel,True,423,797
760,1778,True,travel,True,27226,1065
761,91,True,travel,True,697,64
762,0,True,travel,False,278,0
763,181,True,travel,False,1049,0
764,708,True,travel,True,5204,1756
765,3,True,travel,True,553,50
766,63,True,travel,True,554,46
767,30,True,travel,True,2460,2227
768,12,True,travel,True,1211,6
769,118,True,travel,True,625,144
770,203,True,travel,True,981,41
771,160,True,travel,True,630,19
772,0,True,travel,False,343,0
773,47,True,travel,True,206,7
774,40,True,travel,True,715,94
775,44,True,travel,True,579,4
776,1160,True,travel,True,4415,3422
777,683,True,travel,True,8407,291
778,0,True,travel,False,721,0
779,294,True,travel,False,1135,103
780,54,True,travel,True,267,7
781,70,True,travel,True,459,13
782,150,True,travel,True,1423,443
783,4,True,travel,True,1198,44
784,118,True,travel,True,1992,40
785,11,True,travel,True,237,14392
786,12,True,travel,True,771,32
787,48,True,travel,True,1153,55
788,0,True,travel,True,232,0
789,3719,True,travel,True,17057,732
790,175,True,travel,True,864,52
791,12,True,travel,True,504,7
792,9,True,travel,True,1249,20
793,124,True,travel,True,548,358
794,62,True,travel,True,1527,2831
795,174,True,travel,True,510,1522
796,145,True,travel,True,683,12
797,16,True,travel,True,423,21
798,1577,False,travel,True,8709,4610
799,171,True,travel,True,762,51
800,4,True,travel,True,522,12
801,74,True,travel,True,1566,5
802,0,True,travel,False,246,0
803,225,True,travel,True,5661,195
804,486,True,travel,True,2134,3128
805,172,True,travel,True,480,126
806,433,True,travel,False,1220,268
807,130,True,travel,True,483,98
808,33,True,travel,True,299,48
809,19,True,travel,True,359,5
810,573,True,travel,True,1492,210
811,190,True,travel,True,604,6103
812,69,True,travel,True,404,406
813,258,True,travel,True,973,951
814,7,True,travel,True,916,5
815,4,True,travel,True,321,57
816,130,True,travel,True,775,71
817,83,True,travel,True,2029,104
818,428,True,travel,True,1604,2279
819,97,True,travel,True,348,4
820,11,True,travel,True,655,7
821,167,True,travel,True,1048,1610
822,130,True,travel,True,496,1426
823,128,True,travel,True,1614,127
824,151,True,travel,True,1833,2
825,18,True,travel,True,118,0
826,224,True,travel,True,2220,26
827,41,True,travel,True,1183,4
828,153,True,travel,True,1668,47
829,2627,True,travel,True,48088,1018
830,4,True,travel,True,2397,44
831,4,True,travel,True,508,36
832,119,True,travel,True,24304,1011
833,423,True,travel,True,17670,593
834,0,True,travel,False,1437,0
835,554,True,travel,True,6975,958
836,828,True,travel,True,7093,887
837,854,True,travel,True,26367,708
838,572,True,travel,True,2644,180
839,353,True,travel,True,9117,177
840,1405,True,travel,True,55352,1203
841,202,True,travel,True,726,19
842,1253,True,travel,True,1568,84
843,308,True,travel,True,2923,678
844,92,True,travel,True,600,22
845,228,True,travel,True,2686,23
846,103,True,travel,False,248,0
847,216,True,travel,True,2420,1078
848,51,True,travel,True,153,277
849,150,True,travel,True,1366,109
850,107,True,travel,True,241,48
851,159,True,travel,True,1508,141
852,187,True,travel,True,2357,160
853,285,True,travel,True,1164,14
854,0,True,travel,False,192,0
855,378,True,travel,True,2579,17
856,0,True,travel,False,196,0
857,138,True,travel,True,1702,33
858,85,True,travel,True,1646,127
859,14,True,travel,True,205,50
860,238,True,education,True,3443,605
861,70,True,travel,True,2692,21
862,434,True,travel,True,1118,6109
863,377,True,travel,True,640,1460
864,836,True,travel,True,2537,518
865,674,True,travel,True,16381,338
866,171,True,travel,True,5938,208
867,0,True,travel,False,802,0
868,220,True,travel,True,6432,184
869,68,True,travel,True,3179,151
870,60,True,travel,True,7831,1433
871,1,True,travel,True,2,0
872,0,True,travel,True,3,0
873,160,True,education,True,7210,242
874,24,True,education,True,717,1
875,856,True,education,True,9232,976
876,427,True,education,True,1605,44
877,102,True,education,True,487,933
878,59,True,education,True,835,368
879,54,True,education,True,528,109
880,55,True,education,True,551,3
881,156,True,education,True,971,344
882,16,True,education,True,496,2
883,82,True,education,True,374,27
884,316,True,education,True,6601,10
885,467,True,education,True,6372,513
886,237,True,education,True,3890,65
887,69,True,education,True,476,31
888,15,True,education,True,234,15
889,297,True,education,True,1427,27
890,30,True,education,True,372,16
891,99,True,education,True,555,691
892,58,True,education,True,265,26
893,287,True,education,True,5343,17
894,372,True,education,True,5814,16
895,79,True,education,True,501,53
896,58,True,education,True,611,14
897,183,True,education,True,3803,112
898,206,True,education,True,850,45
899,170,True,education,True,408,19
900,137,True,education,True,881,97
901,17,True,education,True,1873,29
902,314,True,education,True,3107,219
903,28,True,education,True,371,0
904,94,True,education,True,680,534
905,15,True,education,True,767,12
906,666,False,education,True,577,2107
907,136,True,education,True,1756,547
908,118,True,education,True,1231,6
909,42,True,education,True,166,7
910,83,True,education,True,294,10
911,197,True,education,True,1845,11
912,74,True,education,True,389,28
913,30,True,education,True,524,194
914,76,True,education,True,580,132
915,0,True,education,False,268,0
916,83,True,education,True,549,9
917,101,True,education,True,478,23
918,175,True,education,True,1431,4
919,7,True,education,True,379,7
920,57,True,education,True,403,43
921,114,True,education,True,844,37
922,11,True,education,True,232,0
923,1073,True,education,True,13835,804
924,52,True,education,True,231,8
925,37,True,education,True,1019,63
926,34,True,education,True,296,34
927,15328,False,education,True,51597,8346
928,14,True,education,True,528,1
929,32,True,education,True,590,3
930,10,True,education,True,297,9
931,49,True,education,True,257,651
932,33,True,education,True,192,351
933,51,True,education,True,160,417
934,146,True,education,True,1059,718
935,16,True,education,True,356,2
936,150,True,education,True,561,22
937,19,True,education,True,144,26
938,327,True,education,True,384,53
939,304,True,education,True,1715,1811
940,176,True,education,True,2388,310
941,100,True,education,True,381,1244
942,287,True,education,True,1075,280
943,51,True,education,True,502,1
944,50,True,education,True,375,14
945,599,True,education,False,1441,797
946,29,True,education,True,1127,16
947,6,True,education,True,337,23
948,99,True,education,True,694,7
949,199,True,education,True,315,87
950,31,True,education,True,164,12
951,30,True,education,True,525,0
952,111,True,education,True,2014,50
953,8,True,education,True,309,2
954,655,True,education,True,5362,272
955,12040,True,education,True,109785,2320
956,31,True,education,True,314,5
957,376,True,education,True,2600,42
958,95,True,education,True,761,1033
959,94,True,education,True,1020,86
960,15,True,education,True,814,14
961,39,True,education,True,227,16
962,22,True,education,True,755,81
963,29,True,education,True,527,1
964,50,True,education,True,267,539
965,76,True,education,True,1197,101
966,12,True,education,True,329,0
967,32,True,education,True,2457,119
968,105,True,education,True,610,50
969,19,True,education,True,811,110
970,32,True,education,True,219,5
971,25,True,education,True,1908,23
972,17,True,education,True,459,1
973,84,True,education,True,977,2
974,8,True,education,True,988,2
975,61,True,education,True,1913,13
976,186,True,education,True,3901,50
977,118,True,education,True,526,1
978,34,True,education,True,537,13
979,411,True,education,True,2324,112
980,9,True,education,True,233,1
981,39,True,education,True,303,91
982,93,True,education,True,784,0
983,64,True,education,True,1282,23
984,22,True,education,True,1212,2
985,131,True,education,True,559,127
986,173,True,education,True,1221,10
987,346,True,education,True,1771,204
988,104,True,education,True,700,189
989,57,True,education,True,4263,19
990,511,True,education,True,2906,122
991,44,True,education,True,489,42
992,262,True,education,True,994,81
993,234,True,education,True,4282,1361
994,461,True,education,True,3421,46
995,139,True,education,True,998,20
996,140,True,education,True,993,25
997,122,True,education,True,975,165
998,6,True,education,True,664,714
999,10,True,education,True,393,2
1000,11,True,education,True,770,0
1001,0,True,education,True,0,0
1002,0,True,education,False,0,0
1003,856,True,education,True,9232,976
1004,427,True,education,True,1605,44
1005,102,True,education,True,487,933
1006,59,True,education,True,835,368
1007,54,True,education,True,528,109
1008,55,True,education,True,551,3
1009,156,True,education,True,971,344
1010,16,True,education,True,496,2
1011,238,True,education,True,3443,605
1012,82,True,education,True,374,27
1013,316,True,education,True,6601,10
1014,467,True,education,True,6372,513
1015,237,True,education,True,3890,65
1016,69,True,education,True,476,31
1017,15,True,education,True,234,15
1018,297,True,education,True,1427,27
1019,30,True,education,True,372,16
1020,99,True,education,True,555,691
1021,58,True,education,True,265,26
1022,287,True,education,True,5343,17
1023,372,True,education,True,5814,16
1024,79,True,education,True,501,53
1025,58,True,education,True,611,14
1026,183,True,education,True,3803,112
1027,206,True,education,True,850,45
1028,170,True,education,True,408,19
1029,137,True,education,True,881,97
1030,17,True,education,True,1873,29
1031,314,True,education,True,3107,219
1032,28,True,education,True,372,0
1033,94,True,education,True,680,534
1034,15,True,education,True,767,12
1035,666,False,education,True,577,2107
1036,136,True,education,True,1756,547
1037,118,True,education,True,1231,6
1038,42,True,education,True,166,7
1039,83,True,education,True,294,10
1040,197,True,education,True,1845,11
1041,74,True,education,True,389,28
1042,30,True,education,True,524,194
1043,76,True,education,True,580,132
1044,0,True,education,False,268,0
1045,83,True,education,True,549,9
1046,101,True,education,True,478,23
1047,175,True,education,True,1431,4
1048,7,True,education,True,379,7
1049,57,True,education,True,403,43
1050,114,True,education,True,844,37
1051,11,True,education,True,232,0
1052,1073,True,education,True,13835,804
1053,52,True,education,True,231,8
1054,37,True,education,True,1019,63
1055,34,True,education,True,296,34
1056,15328,False,education,True,51597,8346
1057,14,True,education,True,528,1
1058,32,True,education,True,590,3
1059,10,True,education,True,297,9
1060,49,True,education,True,257,651
1061,33,True,education,True,192,351
1062,51,True,education,True,160,417
1063,146,True,education,True,1059,718
1064,16,True,education,True,356,2
1065,150,True,education,True,561,22
1066,19,True,education,True,144,26
1067,327,True,education,True,384,53
1068,304,True,education,True,1715,1811
1069,176,True,education,True,2388,310
1070,100,True,education,True,381,1244
1071,287,True,education,True,1075,280
1072,51,True,education,True,502,1
1073,50,True,education,True,375,14
1074,599,True,education,False,1441,797
1075,29,True,education,True,1127,16
1076,6,True,education,True,337,23
1077,99,True,education,True,694,7
1078,199,True,education,True,315,87
1079,31,True,education,True,164,12
1080,30,True,education,True,525,0
1081,111,True,education,True,2014,50
1082,8,True,education,True,309,2
1083,655,True,education,True,5362,272
1084,12040,True,education,True,109785,2320
1085,31,True,education,True,314,5
1086,376,True,education,True,2600,42
1087,95,True,education,True,761,1033
1088,94,True,education,True,1020,86
1089,15,True,education,True,814,14
1090,39,True,education,True,227,16
1091,22,True,education,True,755,81
1092,29,True,education,True,527,1
1093,50,True,education,True,267,539
1094,76,True,education,True,1197,101
1095,12,True,education,True,329,0
1096,32,True,education,True,2457,119
1097,105,True,education,True,610,50
1098,19,True,education,True,811,110
1099,32,True,education,True,219,5
1100,25,True,education,True,1908,23
1101,17,True,education,True,459,1
1102,84,True,education,True,977,2
1103,8,True,education,True,988,2
1104,61,True,education,True,1913,13
1105,186,True,education,True,3901,50
1106,118,True,education,True,526,1
1107,34,True,education,True,537,13
1108,411,True,education,True,2324,112
1109,9,True,education,True,233,1
1110,39,True,education,True,303,91
1111,93,True,education,True,784,0
1112,64,True,education,True,1282,23
1113,22,True,education,True,1212,2
1114,131,True,education,True,559,127
1115,173,True,education,True,1221,10
1116,346,True,education,True,1771,204
1117,104,True,education,True,700,189
1118,57,True,education,True,4263,19
1119,511,True,education,True,2906,122
1120,44,True,education,True,489,42
1121,262,True,education,True,994,81
1122,234,True,education,True,4283,1361
1123,461,True,education,True,3421,46
1124,139,True,education,True,998,20
1125,140,True,education,True,993,25
1126,122,True,education,True,975,165
1127,6,True,education,True,664,714
1128,10,True,education,True,393,2
1129,11,True,education,True,770,0
1130,0,True,education,True,0,0
1131,0,True,education,False,0,0
1132,160,True,art,True,7210,242
1133,24,True,art,True,717,1
1134,1467,True,art,True,40954,915
1135,3521,True,art,True,30292,1669
1136,36583,True,art,True,139457,12796
1137,3830,True,art,True,33637,632
1138,744,True,art,True,6126,349
1139,8486,True,art,True,51039,1757
1140,647,True,art,True,6595,215
1141,830,True,art,True,15086,494
1142,835,True,art,True,20124,449
1143,44,True,art,True,6635,303
1144,17,True,art,True,3672,988
1145,382,True,art,True,16487,5440
1146,3193,True,art,True,2942,25227
1147,10727,True,art,True,38552,3211
1148,567,True,art,True,8653,256
1149,1101,True,art,True,8835,149
1150,1,True,art,True,1234,18
1151,221,True,art,True,2748,55
1152,518,True,art,True,11215,3163
1153,1196,True,art,True,8571,30490
1154,48,True,art,True,2862,1400
1155,135,True,art,True,7679,736
1156,24,True,art,True,7030,215
1157,33,True,art,True,9377,226
1158,88,True,art,True,6724,234
1159,2791,True,art,True,22660,815
1160,1450,True,art,True,43004,1012
1161,1566,True,art,True,7994,2616
1162,166,True,art,True,3057,148
1163,428,True,art,True,4745,428
1164,596,True,art,True,11062,256
1165,79,True,art,True,4357,277
1166,1336,True,art,True,8184,1160
1167,69,True,art,True,7442,811
1168,580,True,art,True,5125,156
1169,651,True,art,True,6127,1195
1170,300,True,art,True,3212,98
1171,619,True,art,True,6816,179
1172,1371,True,art,True,20296,370
1173,626,True,art,True,6697,315
1174,8,True,art,True,3351,103
1175,724,True,art,True,5026,280
1176,815,True,art,True,9819,300
1177,695,True,art,True,4838,117
1178,875,True,art,True,10208,619
1179,40,True,art,True,4027,104
1180,50,True,art,True,18091,777
1181,766,True,art,True,13355,326
1182,320,True,art,True,8132,121
1183,619,True,art,True,3922,957
1184,262,True,art,True,3384,60
1185,34,True,art,True,3888,103
1186,52,True,art,True,5693,67
1187,221,True,art,True,5852,194
1188,25,True,art,True,11849,390
1189,1045,True,art,True,7983,56
1190,789,True,art,True,8571,612
1191,145,True,art,True,3588,68
1192,95,True,art,True,12128,197
1193,90,True,art,True,15178,1447
1194,672,True,art,True,3720,6549
1195,334,True,art,True,3703,152
1196,31,True,art,True,8594,175
1197,167,True,art,True,2047,65
1198,34,True,art,True,11981,244
1199,666,True,art,True,4810,131
1200,928,True,art,True,12779,467
1201,2273,True,art,True,8182,2041
1202,705,True,art,True,6558,203
1203,163,True,art,True,3204,96
1204,2074,True,art,True,15372,477
1205,311,True,art,True,2119,3898
1206,892,True,art,True,16526,234
1207,611,True,art,True,8307,598
1208,201,True,art,True,7567,1903
1209,382,True,art,True,6101,76
1210,254,True,art,True,3139,475
1211,1028,True,art,True,4437,481
1212,356,True,art,True,3620,388
1213,27,True,art,True,6305,979
1214,821,True,art,True,6317,574
1215,122,True,art,True,3814,599
1216,254,True,art,True,4843,129
1217,331,True,art,True,7200,189
1218,635,True,art,True,6623,591
1219,405,True,art,True,19911,566
1220,2967,True,art,True,8369,561
1221,500,True,art,True,6556,608
1222,422,True,art,True,4661,197
1223,2912,True,art,True,6772,252
1224,92,True,art,True,1793,27
1225,51,True,art,True,7651,212
1226,508,True,art,True,7710,212
1227,506,True,art,True,6971,1773
1228,1387,True,art,True,5123,1915
1229,154,True,art,True,3320,370
1230,206,True,art,True,3946,230
1231,80,True,art,True,3149,564
1232,655,True,art,True,7102,76
1233,767,True,art,True,15820,573
1234,15,True,art,True,3909,220
1235,342,True,art,True,5119,407
1236,937,True,art,True,3361,669
1237,299,True,art,True,2486,31
1238,441,True,art,True,3223,652
1239,267,True,art,True,5568,496
1240,1862,True,art,True,13359,594
1241,788,True,art,True,5005,1554
1242,131,True,art,True,3699,44
1243,55,True,art,True,4155,103
1244,67,True,art,True,2633,68
1245,649,True,art,True,2377,193
1246,741,True,art,True,11436,439
1247,87,True,art,True,11079,273
1248,377,True,art,True,7469,739
1249,424,True,art,True,7065,93
1250,638,True,art,True,3542,260
1251,473,True,art,True,4176,149
1252,5394,True,art,True,25099,1202
1253,545,True,art,True,3678,214
1254,10001,True,art,True,30620,118008
1255,675,True,art,True,2285,1107
1256,1192,True,art,True,16346,1312
1257,40915,True,art,True,78,542
1258,1167,True,art,True,14740,278
1259,571,True,art,True,3400,592
1260,8401,True,art,True,29170,1207
1261,211,True,art,True,5574,187
1262,6246,True,art,True,11209,2526
1263,4858,True,art,True,17397,3593
1264,1348,True,art,True,2471,2312
1265,421,True,art,True,4709,934
1266,3101,True,art,True,10034,2886
1267,744,True,art,True,2964,387
1268,1433,True,art,True,2762,613
1269,360,True,art,True,8697,1190
1270,889,True,art,True,2813,58
1271,864,True,art,True,12318,295
1272,157,True,art,True,3463,53
1273,1436,True,art,True,3099,720
1274,100,True,art,True,1412,45
1275,11,True,art,True,6552,120
1276,238,True,art,True,1892,98
1277,696,True,art,True,2767,288
1278,1708,True,art,True,6518,401
1279,4153,True,art,True,5392,912
1280,1,True,art,True,0,1
1281,27,True,art,True,3579,48
1282,494,True,art,True,4603,131
1283,7145,True,art,True,11114,1059
1284,4839,True,art,True,7021,592
1285,346,True,art,True,3195,299
1286,14794,True,art,True,42732,3120
1287,96,True,art,True,2441,228
1288,682,True,art,True,9848,517
1289,328,True,art,True,4328,2394
1290,1344,True,art,True,7748,2564
1291,1473,True,art,True,5287,903
1292,794,True,art,True,9532,205
1293,152,True,art,True,2454,23
1294,233,True,art,True,1927,49
1295,13712,True,art,True,40641,2520
1296,1294,True,art,True,2779,1590
1297,1163,True,art,True,6482,2088
1298,35,True,art,True,2864,184
1299,147,True,art,True,9020,4677
1300,124,True,art,True,1257,41
1301,27,True,art,True,3149,159
1302,274,True,art,True,4285,126
1303,292,True,art,True,10718,191
1304,274,True,art,True,4325,232
1305,2669,True,art,True,10118,1114
1306,31,True,art,True,3877,427
1307,21,True,art,True,3404,765
1308,679,True,art,True,3755,81
1309,393,True,art,True,3973,45
1310,2135,True,art,True,19781,949
1311,1380,True,art,True,22836,359
1312,428,True,art,True,3180,1488
1313,1894,True,art,True,7772,1600
1314,347,True,art,True,9341,62
1315,338,True,art,True,5366,116
1316,961,True,art,True,7712,356
1317,1593,True,art,True,8537,15770
1318,630,True,art,True,3892,812
1319,360,True,art,True,7821,954
1320,768,True,art,True,17049,1041
1321,22,True,art,True,5236,112
1322,454,True,art,True,2404,299
1323,2290,True,art,True,11609,1040
1324,1085,True,art,True,6808,360
1325,1330,True,art,True,7750,337
1326,1297,True,art,True,5041,75
1327,1770,True,art,True,6558,375
1328,345,True,art,True,2295,78
1329,225,True,art,True,10065,398
1330,200,True,art,True,6514,231
1331,4385,True,art,True,17948,4601
1332,868,True,art,True,3001,1006
1333,443,True,art,True,3583,47
1334,473,True,art,True,5456,390
1335,4822,True,art,True,18226,991
1336,536,True,art,True,9756,124
1337,1802,True,art,True,9737,201
1338,3941,True,art,False,8189,2223
1339,483,True,art,True,3575,644
1340,662,True,art,True,5078,216
1341,1191,True,art,True,2494,13582
1342,728,True,art,True,3774,41
1343,1472,True,art,True,9070,4080
1344,466,True,art,True,2584,1992
1345,2410,True,art,True,4330,537
1346,185,True,art,True,3549,64
1347,356,True,art,True,2133,2425
1348,521,True,art,True,2381,7966
1349,35,True,art,True,6797,674
1350,786,True,art,True,6348,345
1351,416,True,art,True,3471,304
1352,284,True,art,True,3403,719
1353,782,True,art,True,2160,170
1354,2009,True,art,True,5463,392
1355,572,True,art,True,3623,3913
1356,0,True,art,True,3,5
1357,1467,True,art,True,40954,915
1358,3521,True,art,True,30292,1669
1359,36583,True,art,True,139457,12796
1360,3830,True,art,True,33639,632
1361,744,True,art,True,6126,349
1362,8486,True,art,True,51039,1757
1363,647,True,art,True,6595,215
1364,830,True,art,True,15087,494
1365,835,True,art,True,20124,449
1366,44,True,art,True,6636,303
1367,17,True,art,True,3672,988
1368,382,True,art,True,16488,5440
1369,3193,True,art,True,2942,25227
1370,10727,True,art,True,38552,3211
1371,567,True,art,True,8653,256
1372,1101,True,art,True,8835,149
1373,1,True,art,True,1234,18
1374,221,True,art,True,2748,55
1375,518,True,art,True,11215,3163
1376,1196,True,art,True,8571,30490
1377,48,True,art,True,2862,1400
1378,135,True,art,True,7679,736
1379,24,True,art,True,7030,215
1380,33,True,art,True,9377,226
1381,88,True,art,True,6724,234
1382,2791,True,art,True,22660,815
1383,1450,True,art,True,43004,1012
1384,1566,True,art,True,7994,2616
1385,166,True,art,True,3057,148
1386,428,True,art,True,4746,428
1387,596,True,art,True,11062,256
1388,79,True,art,True,4357,277
1389,1336,True,art,True,8184,1160
1390,69,True,art,True,7442,811
1391,580,True,art,True,5125,156
1392,651,True,art,True,6127,1195
1393,300,True,art,True,3212,98
1394,619,True,art,True,6816,179
1395,1371,True,art,True,20296,370
1396,626,True,art,True,6697,315
1397,8,True,art,True,3351,103
1398,724,True,art,True,5026,280
1399,815,True,art,True,9819,300
1400,695,True,art,True,4838,117
1401,875,True,art,True,10208,619
1402,40,True,art,True,4028,104
1403,50,True,art,True,18091,778
1404,766,True,art,True,13355,326
1405,320,True,art,True,8132,121
1406,619,True,art,True,3922,957
1407,262,True,art,True,3384,60
1408,34,True,art,True,3888,103
1409,52,True,art,True,5693,67
1410,221,True,art,True,5852,194
1411,25,True,art,True,11849,390
1412,1045,True,art,True,7983,56
1413,789,True,art,True,8571,612
1414,145,True,art,True,3588,68
1415,95,True,art,True,12128,197
1416,90,True,art,True,15178,1447
1417,672,True,art,True,3720,6549
1418,334,True,art,True,3703,152
1419,31,True,art,True,8594,175
1420,167,True,art,True,2047,65
1421,34,True,art,True,11981,244
1422,666,True,art,True,4810,131
1423,928,True,art,True,12779,467
1424,2273,True,art,True,8182,2041
1425,705,True,art,True,6558,203
1426,163,True,art,True,3204,96
1427,2074,True,art,True,15372,477
1428,311,True,art,True,2119,3898
1429,892,True,art,True,16526,234
1430,611,True,art,True,8307,598
1431,201,True,art,True,7567,1903
1432,382,True,art,True,6101,76
1433,254,True,art,True,3139,475
1434,1028,True,art,True,4437,481
1435,356,True,art,True,3620,388
1436,27,True,art,True,6305,979
1437,821,True,art,True,6317,574
1438,122,True,art,True,3814,599
1439,254,True,art,True,4843,129
1440,331,True,art,True,7200,189
1441,635,True,art,True,6623,591
1442,405,True,art,True,19911,566
1443,2967,True,art,True,8370,561
1444,500,True,art,True,6556,608
1445,422,True,art,True,4661,197
1446,2912,True,art,True,6772,252
1447,92,True,art,True,1793,27
1448,51,True,art,True,7651,212
1449,508,True,art,True,7710,212
1450,506,True,art,True,6971,1773
1451,1387,True,art,True,5123,1915
1452,154,True,art,True,3320,370
1453,206,True,art,True,3946,230
1454,80,True,art,True,3149,564
1455,655,True,art,True,7102,76
1456,767,True,art,True,15820,573
1457,15,True,art,True,3909,220
1458,342,True,art,True,5119,407
1459,937,True,art,True,3361,669
1460,299,True,art,True,2486,31
1461,441,True,art,True,3223,652
1462,267,True,art,True,5568,496
1463,1862,True,art,True,13359,594
1464,788,True,art,True,5006,1554
1465,131,True,art,True,3700,44
1466,55,True,art,True,4155,103
1467,67,True,art,True,2633,68
1468,649,True,art,True,2377,193
1469,741,True,art,True,11436,439
1470,87,True,art,True,11079,273
1471,377,True,art,True,7469,739
1472,424,True,art,True,7065,93
1473,638,True,art,True,3542,260
1474,473,True,art,True,4176,149
1475,5394,True,art,True,25099,1202
1476,545,True,art,True,3678,214
1477,10001,True,art,True,30620,118008
1478,675,True,art,True,2285,1107
1479,1192,True,art,True,16346,1312
1480,40915,True,art,True,78,542
1481,1167,True,art,True,14740,278
1482,571,True,art,True,3401,592
1483,8401,True,art,True,29170,1207
1484,211,True,art,True,5574,187
1485,6246,True,art,True,11209,2526
1486,4858,True,art,True,17397,3593
1487,1348,True,art,True,2471,2312
1488,421,True,art,True,4710,934
1489,3101,True,art,True,10034,2886
1490,744,True,art,True,2964,387
1491,1433,True,art,True,2762,613
1492,360,True,art,True,8697,1190
1493,889,True,art,True,2813,58
1494,864,True,art,True,12318,295
1495,157,True,art,True,3463,53
1496,1436,True,art,True,3099,720
1497,100,True,art,True,1412,45
1498,11,True,art,True,6552,120
1499,238,True,art,True,1892,98
1500,696,True,art,True,2767,288
1501,1708,True,art,True,6518,401
1502,4153,True,art,True,5392,912
1503,1,True,art,True,0,1
1504,27,True,art,True,3579,48
1505,494,True,art,True,4603,131
1506,7145,True,art,True,11114,1059
1507,4839,True,art,True,7021,591
1508,346,True,art,True,3195,299
1509,14794,True,art,True,42732,3120
1510,96,True,art,True,2441,228
1511,682,True,art,True,9848,517
1512,328,True,art,True,4328,2394
1513,1344,True,art,True,7748,2564
1514,1473,True,art,True,5287,903
1515,794,True,art,True,9532,205
1516,152,True,art,True,2454,23
1517,233,True,art,True,1927,49
1518,13713,True,art,True,40641,2520
1519,1294,True,art,True,2779,1590
1520,1163,True,art,True,6482,2088
1521,35,True,art,True,2864,184
1522,147,True,art,True,9020,4677
1523,124,True,art,True,1257,41
1524,27,True,art,True,3149,159
1525,274,True,art,True,4285,126
1526,292,True,art,True,10718,191
1527,274,True,art,True,4325,232
1528,2669,True,art,True,10118,1114
1529,31,True,art,True,3877,427
1530,21,True,art,True,3404,765
1531,679,True,art,True,3756,81
1532,393,True,art,True,3973,45
1533,2135,True,art,True,19781,949
1534,1380,True,art,True,22836,359
1535,428,True,art,True,3180,1488
1536,1894,True,art,True,7772,1600
1537,347,True,art,True,9341,62
1538,338,True,art,True,5366,116
1539,961,True,art,True,7712,356
1540,1593,True,art,True,8537,15770
1541,630,True,art,True,3892,812
1542,360,True,art,True,7821,954
1543,768,True,art,True,17049,1041
1544,22,True,art,True,5236,112
1545,454,True,art,True,2404,299
1546,2290,True,art,True,11609,1040
1547,1085,True,art,True,6808,360
1548,1330,True,art,True,7750,337
1549,1297,True,art,True,5042,75
1550,1770,True,art,True,6558,375
1551,345,True,art,True,2295,78
1552,225,True,art,True,10065,398
1553,200,True,art,True,6514,231
1554,4385,True,art,True,17948,4601
1555,868,True,art,True,3001,1006
1556,443,True,art,True,3583,47
1557,473,True,art,True,5456,390
1558,4822,True,art,True,18226,991
1559,536,True,art,True,9756,124
1560,1802,True,art,True,9737,201
1561,3941,True,art,False,8189,2223
1562,483,True,art,True,3575,644
1563,662,True,art,True,5078,216
1564,1191,True,art,True,2494,13582
1565,728,True,art,True,3774,41
1566,1472,True,art,True,9070,4080
1567,466,True,art,True,2584,1992
1568,2410,True,art,True,4330,537
1569,185,True,art,True,3549,64
1570,356,True,art,True,2133,2425
1571,521,True,art,True,2381,7966
1572,35,True,art,True,6797,674
1573,786,True,art,True,6348,345
1574,416,True,art,True,3471,304
1575,284,True,art,True,3403,719
1576,782,True,art,True,2160,170
1577,2009,True,art,True,5463,392
1578,572,True,art,True,3623,3913
1579,0,True,art,True,3,5
1580,160,True,music,True,7210,242
1581,24,True,music,True,717,1
1582,3911,True,music,True,43553,3969
1583,6475,True,music,True,13906,1111
1584,5009,True,music,True,68182,3506
1585,78,True,music,True,20553,1125
1586,2992,True,music,True,31446,1139
1587,8106,True,music,True,13134,33754
1588,228,True,music,True,21322,817
1589,5382,True,music,True,7153,1474
1590,4721,True,music,True,21835,716
1591,2057,True,music,True,39738,240
1592,913,True,music,True,13135,1161
1593,1525,True,music,True,27587,289
1594,1975,True,music,True,30682,312
1595,19966,True,music,True,29935,6198
1596,1869,True,music,True,39703,360
1597,1767,True,music,True,32733,823
1598,1723,True,music,True,21862,292
1599,2304,True,music,True,42326,357
1600,4049,True,music,True,19682,7238
1601,5383,True,music,True,26844,7779
1602,1463,True,music,True,20943,227
1603,9493,True,music,True,22137,2486
1604,2656,True,music,True,57030,1488
1605,1237,True,music,True,33817,854
1606,5557,True,music,True,41135,3978
1607,2180,True,music,True,6769,707
1608,22666,True,music,True,57812,6378
1609,12236,True,music,True,13302,6471
1610,716,True,music,True,29432,381
1611,2558,True,music,True,38907,789
1612,6790,True,music,True,15612,351
1613,2475,True,music,True,19616,1843
1614,14899,True,music,True,41525,6225
1615,1484,True,music,True,33097,461
1616,1064,True,music,True,9325,27106
1617,5154,True,music,False,34127,2522
1618,4566,True,music,True,32045,4253
1619,1113,True,music,True,28742,372
1620,10001,True,music,True,30620,118008
1621,1196,True,music,True,8571,30490
1622,1778,True,music,True,27226,1065
1623,434,True,music,True,4614,18268
1624,8790,True,music,True,11581,4793
1625,2198,True,music,True,56031,924
1626,19862,True,music,True,236386,6599
1627,8401,True,music,True,29170,1207
1628,2042,True,music,True,26582,632
1629,68,True,music,True,6876,93
1630,4858,True,music,True,17397,3593
1631,7329,True,music,True,24703,758
1632,5326,True,music,True,13656,3035
1633,1884,True,music,True,4912,241
1634,5789,True,music,True,19439,1153
1635,4140,True,music,True,23254,1362
1636,1102,True,music,True,19550,364
1637,1344,True,music,True,7748,2564
1638,680,True,music,True,4543,484
1639,3730,True,music,True,27063,1479
1640,6985,True,music,True,16803,10640
1641,9485,True,music,True,18629,6095
1642,68,True,music,True,10707,903
1643,4385,True,music,True,17948,4601
1644,2054,True,music,True,6187,517
1645,2046,True,music,True,4672,390
1646,540,True,music,True,5378,334
1647,2527,True,music,True,9345,1079
1648,3123,True,music,True,5334,6958
1649,1305,True,music,True,17100,1229
1650,1047,True,music,True,11978,2731
1651,720,True,music,True,5528,294
1652,824,True,music,True,8943,783
1653,902,True,music,True,14632,198
1654,1795,True,music,True,17360,254
1655,32,True,music,True,12118,223
1656,638,True,music,True,3782,68
1657,295,True,music,True,6010,194
1658,526,True,music,True,10251,410
1659,1350,True,music,True,17594,194
1660,2498,True,music,True,7836,773
1661,909,True,music,True,3381,1171
1662,28,True,music,True,5289,151
1663,920,True,music,True,17254,128
1664,1378,True,music,True,11033,125
1665,174,True,music,True,4798,196
1666,426,True,music,True,4420,818
1667,954,True,music,True,2654,655
1668,3776,True,music,True,9813,1384
1669,2206,True,music,True,4364,143
1670,2830,True,music,True,17135,1538
1671,388,True,music,True,13369,101
1672,647,True,music,True,10141,249
1673,1261,True,music,True,14508,173
1674,5215,True,music,True,46869,1270
1675,1950,True,music,True,9536,4107
1676,371,True,music,True,16339,83
1677,242,True,music,True,8860,101
1678,3808,True,music,True,8190,2482
1679,2238,True,music,True,8738,859
1680,305,True,music,True,14085,88
1681,886,True,music,True,10979,1235
1682,1181,True,music,True,7255,11788
1683,1922,True,music,True,8134,400
1684,1144,True,music,True,15894,189
1685,1965,True,music,True,16219,389
1686,4894,True,music,True,13510,881
1687,411,True,music,True,4915,335
1688,530,True,music,True,8394,80
1689,1142,True,music,True,4507,5490
1690,3101,True,music,True,10034,2886
1691,963,True,music,True,9772,383
1692,1579,True,music,True,14475,1507
1693,604,True,music,True,15694,198
1694,862,True,music,True,9939,722
1695,1708,True,music,True,6518,401
1696,1196,True,music,True,12117,1191
1697,6246,True,music,True,11209,2526
1698,4901,True,music,True,12199,402
1699,672,True,music,True,8519,254
1700,4532,True,music,True,7518,1108
1701,2251,True,music,True,9362,2810
1702,2540,True,music,True,8273,1340
1703,1474,True,music,True,7141,472
1704,1372,True,music,True,6876,320
1705,7145,True,music,True,11114,1059
1706,1184,True,music,True,11678,153
1707,4839,True,music,True,7021,591
1708,2677,True,music,True,8012,845
1709,1163,True,music,True,5010,302
1710,1901,True,music,True,18698,352
1711,884,True,music,True,5692,242
1712,2844,True,music,True,14470,186
1713,1775,True,music,True,12432,743
1714,1360,True,music,True,19643,188
1715,297,True,music,True,2196,17
1716,201,True,music,True,8349,110
1717,558,True,music,True,7128,1716
1718,705,True,music,True,6558,203
1719,3180,True,music,True,13834,4402
1720,5101,True,music,True,14865,496
1721,4858,True,music,True,8445,3142
1722,1673,True,music,True,5050,2438
1723,1198,True,music,True,15240,536
1724,2669,True,music,True,10118,1114
1725,222,True,music,True,12488,1593
1726,2855,True,music,True,14423,1434
1727,1509,True,music,True,21399,532
1728,3584,True,music,True,9226,1125
1729,2802,True,music,True,10567,3372
1730,708,True,music,True,25560,465
1731,2273,True,music,True,8182,2041
1732,1638,True,music,True,7093,1078
1733,709,True,music,True,6376,150
1734,723,True,music,True,7013,234
1735,751,True,music,True,6315,123
1736,2627,True,music,True,7676,1586
1737,1659,True,music,True,4083,644
1738,651,True,music,True,4314,74
1739,1467,True,music,True,6009,465
1740,1113,True,music,True,7057,1321
1741,1795,True,music,True,8090,156
1742,742,True,music,True,3296,2639
1743,3696,True,music,True,4433,301
1744,2105,True,music,True,16296,1857
1745,919,True,music,True,12424,671
1746,1225,True,music,True,5155,261
1747,772,True,music,True,8307,229
1748,650,True,music,True,6560,175
1749,1934,True,music,True,9368,2472
1750,1501,True,music,True,6736,1376
1751,2294,True,music,True,3676,404
1752,3375,True,music,True,7187,4780
1753,104,True,music,True,19973,243
1754,67,True,music,True,8771,177
1755,1455,True,music,True,6669,464
1756,2075,True,music,True,8770,1622
1757,1434,True,music,True,4406,8318
1758,1531,True,music,True,16207,229
1759,27,True,music,True,5270,66
1760,2439,True,music,True,5005,772
1761,768,True,music,True,17049,1041
1762,2093,True,music,True,6242,348
1763,3771,True,music,True,6738,415
1764,317,True,music,True,7733,57
1765,1360,True,music,True,7526,767
1766,1205,True,music,True,17561,337
1767,526,True,music,True,10550,130
1768,282,True,music,True,11568,118
1769,271,True,music,True,9244,66
1770,224,True,music,True,2998,393
1771,1596,True,music,True,13584,721
1772,748,True,music,True,5760,102
1773,620,True,music,True,7579,58
1774,270,True,music,True,14362,72
1775,1318,True,music,True,9399,236
1776,867,True,music,True,6325,158
1777,1151,True,music,True,5088,534
1778,291,True,music,True,8149,228
1779,3046,True,music,True,9420,4718
1780,487,True,music,True,2347,130
1781,105,True,music,True,3226,71
1782,469,True,music,True,2660,72
1783,618,True,music,True,7749,238
1784,965,True,music,True,13022,234
1785,419,True,music,True,7074,138
1786,1134,True,music,True,5643,98
1787,389,True,music,True,1571,73
1788,216,True,music,True,2723,28
1789,187,True,music,True,2112,86
1790,17,True,music,True,6550,117
1791,357,True,music,True,5047,60
1792,1143,True,music,True,6700,472
1793,559,True,music,True,1467,98
1794,526,True,music,True,4864,29
1795,268,True,music,True,4053,189
1796,144,True,music,True,8210,461
1797,2000,True,music,True,4625,389
1798,1820,True,music,True,10250,201
1799,1808,True,music,True,14287,123
1800,2727,True,music,True,9627,863
1801,673,True,music,True,4599,105
1802,532,True,music,True,4796,31
1803,918,True,music,True,4211,39
1804,1721,True,music,True,3544,370
1805,1073,True,music,True,5229,363
1806,1369,True,music,True,8352,1640
1807,560,True,music,True,4649,205
1808,137,True,music,True,7142,122
1809,743,True,music,True,13857,294
1810,254,True,music,True,42981,1238
1811,518,True,music,True,11215,3162
1812,1628,True,music,True,17812,343
1813,315,True,music,True,9803,492
1814,30,True,music,True,10403,143
1815,658,True,music,True,19857,574
1816,22,True,music,True,5236,112
1817,361,True,music,True,5959,163
1818,577,True,music,True,12581,673
1819,543,True,music,True,2205,120
1820,246,True,music,True,5882,223
1821,0,True,music,True,0,0
1822,1964,True,music,True,23106,748
1823,0,True,music,True,0,0
1824,3911,True,music,True,43553,3969
1825,6475,True,music,True,13906,1111
1826,5009,True,music,True,68182,3506
1827,78,True,music,True,20554,1125
1828,2992,True,music,True,31446,1139
1829,8106,True,music,True,13134,33754
1830,228,True,music,True,21322,817
1831,5382,True,music,True,7153,1474
1832,4721,True,music,True,21835,716
1833,2057,True,music,True,39738,240
1834,913,True,music,True,13137,1161
1835,1525,True,music,True,27587,289
1836,1975,True,music,True,30682,312
1837,19966,True,music,True,29935,6198
1838,1869,True,music,True,39703,360
1839,1767,True,music,True,32733,823
1840,1723,True,music,True,21863,292
1841,2304,True,music,True,42326,357
1842,4049,True,music,True,19682,7238
1843,5383,True,music,True,26843,7779
1844,1463,True,music,True,20944,227
1845,9493,True,music,True,22137,2486
1846,2656,True,music,True,57030,1488
1847,1237,True,music,True,33817,854
1848,5557,True,music,True,41138,3978
1849,2180,True,music,True,6769,707
1850,22666,True,music,True,57812,6378
1851,12236,True,music,True,13302,6471
1852,716,True,music,True,29432,381
1853,2558,True,music,True,38907,789
1854,6790,True,music,True,15612,351
1855,2475,True,music,True,19616,1843
1856,14899,True,music,True,41525,6225
1857,1484,True,music,True,33097,461
1858,1064,True,music,True,9325,27106
1859,5154,True,music,False,34127,2522
1860,4566,True,music,True,32045,4253
1861,1113,True,music,True,28742,372
1862,10002,True,music,True,30619,118008
1863,1196,True,music,True,8571,30490
1864,1778,True,music,True,27226,1065
1865,434,True,music,True,4614,18268
1866,8790,True,music,True,11581,4793
1867,2198,True,music,True,56031,924
1868,19862,True,music,True,236386,6599
1869,8401,True,music,True,29170,1207
1870,2042,True,music,True,26582,632
1871,68,True,music,True,6876,93
1872,4858,True,music,True,17397,3593
1873,7329,True,music,True,24703,758
1874,5326,True,music,True,13656,3035
1875,1884,True,music,True,4912,241
1876,5789,True,music,True,19441,1153
1877,4141,True,music,True,23253,1362
1878,1102,True,music,True,19550,364
1879,1345,True,music,True,7747,2564
1880,680,True,music,True,4543,484
1881,3730,True,music,True,27063,1479
1882,6985,True,music,True,16803,10640
1883,9485,True,music,True,18629,6095
1884,68,True,music,True,10707,903
1885,4385,True,music,True,17948,4601
1886,2054,True,music,True,6187,517
1887,2046,True,music,True,4674,390
1888,540,True,music,True,5378,334
1889,2527,True,music,True,9345,1079
1890,3123,True,music,True,5334,6958
1891,1305,True,music,True,17101,1229
1892,1047,True,music,True,11978,2731
1893,720,True,music,True,5528,294
1894,824,True,music,True,8943,783
1895,902,True,music,True,14632,198
1896,1795,True,music,True,17360,254
1897,32,True,music,True,12118,223
1898,638,True,music,True,3782,68
1899,295,True,music,True,6010,194
1900,526,True,music,True,10251,410
1901,1350,True,music,True,17594,194
1902,2499,True,music,True,7838,773
1903,909,True,music,True,3381,1171
1904,28,True,music,True,5289,151
1905,920,True,music,True,17254,128
1906,1378,True,music,True,11033,125
1907,174,True,music,True,4798,196
1908,426,True,music,True,4420,818
1909,954,True,music,True,2654,655
1910,3776,True,music,True,9813,1384
1911,2206,True,music,True,4364,143
1912,2830,True,music,True,17135,1538
1913,388,True,music,True,13369,101
1914,647,True,music,True,10141,249
1915,1261,True,music,True,14508,173
1916,5215,True,music,True,46869,1270
1917,1950,True,music,True,9536,4107
1918,371,True,music,True,16339,83
1919,242,True,music,True,8860,101
1920,3808,True,music,True,8190,2482
1921,2238,True,music,True,8739,859
1922,305,True,music,True,14085,88
1923,886,True,music,True,10979,1235
1924,1181,True,music,True,7255,11788
1925,1922,True,music,True,8134,400
1926,1144,True,music,True,15894,189
1927,1965,True,music,True,16219,389
1928,4894,True,music,True,13510,881
1929,411,True,music,True,4915,335
1930,530,True,music,True,8395,80
1931,1142,True,music,True,4507,5490
1932,3101,True,music,True,10034,2886
1933,963,True,music,True,9772,383
1934,1579,True,music,True,14475,1507
1935,604,True,music,True,15694,198
1936,862,True,music,True,9939,722
1937,1708,True,music,True,6518,401
1938,1196,True,music,True,12117,1191
1939,6246,True,music,True,11209,2526
1940,4901,True,music,True,12199,402
1941,672,True,music,True,8519,254
1942,4532,True,music,True,7518,1108
1943,2251,True,music,True,9362,2810
1944,2540,True,music,True,8273,1340
1945,1474,True,music,True,7141,472
1946,1372,True,music,True,6877,320
1947,7145,True,music,True,11114,1059
1948,1184,True,music,True,11678,153
1949,4839,True,music,True,7021,591
1950,2677,True,music,True,8013,844
1951,1163,True,music,True,5010,302
1952,1901,True,music,True,18698,352
1953,884,True,music,True,5692,242
1954,2844,True,music,True,14470,186
1955,1775,True,music,True,12432,743
1956,1360,True,music,True,19643,188
1957,297,True,music,True,2196,17
1958,201,True,music,True,8349,110
1959,558,True,music,True,7128,1716
1960,705,True,music,True,6558,203
1961,3180,True,music,True,13834,4402
1962,5101,True,music,True,14865,496
1963,4858,True,music,True,8445,3142
1964,1673,True,music,True,5050,2438
1965,1198,True,music,True,15240,536
1966,2669,True,music,True,10118,1114
1967,222,True,music,True,12488,1593
1968,2855,True,music,True,14423,1434
1969,1509,True,music,True,21399,532
1970,3584,True,music,True,9226,1125
1971,2802,True,music,True,10567,3372
1972,708,True,music,True,25560,465
1973,2273,True,music,True,8182,2041
1974,1638,True,music,True,7093,1078
1975,709,True,music,True,6376,150
1976,723,True,music,True,7014,234
1977,751,True,music,True,6315,123
1978,2627,True,music,True,7676,1586
1979,1659,True,music,True,4083,644
1980,651,True,music,True,4314,74
1981,1467,True,music,True,6009,465
1982,1113,True,music,True,7057,1321
1983,1795,True,music,True,8090,156
1984,742,True,music,True,3296,2639
1985,3696,True,music,True,4433,301
1986,2105,True,music,True,16296,1857
1987,919,True,music,True,12424,671
1988,1225,True,music,True,5155,261
1989,772,True,music,True,8307,229
1990,650,True,music,True,6560,175
1991,1934,True,music,True,9368,2472
1992,1501,True,music,True,6736,1376
1993,2294,True,music,True,3676,404
1994,3375,True,music,True,7187,4780
1995,104,True,music,True,19973,243
1996,67,True,music,True,8771,177
1997,1455,True,music,True,6669,464
1998,2075,True,music,True,8770,1622
1999,1434,True,music,True,4406,8318
2000,1531,True,music,True,16207,229
2001,27,True,music,True,5270,66
2002,2439,True,music,True,5006,771
2003,768,True,music,True,17049,1041
2004,2093,True,music,True,6242,348
2005,3771,True,music,True,6738,415
2006,317,True,music,True,7733,57
2007,1360,True,music,True,7527,767
2008,1205,True,music,True,17561,337
2009,526,True,music,True,10550,130
2010,282,True,music,True,11568,118
2011,271,True,music,True,9244,66
2012,224,True,music,True,2998,393
2013,1596,True,music,True,13584,721
2014,748,True,music,True,5760,102
2015,620,True,music,True,7579,58
2016,270,True,music,True,14362,72
2017,1318,True,music,True,9399,236
2018,867,True,music,True,6325,158
2019,1151,True,music,True,5088,534
2020,291,True,music,True,8149,228
2021,3046,True,music,True,9420,4718
2022,487,True,music,True,2347,130
2023,105,True,music,True,3226,71
2024,469,True,music,True,2660,72
2025,618,True,music,True,7749,238
2026,965,True,music,True,13022,234
2027,419,True,music,True,7074,138
2028,1134,True,music,True,5643,98
2029,389,True,music,True,1571,73
2030,216,True,music,True,2723,28
2031,187,True,music,True,2112,86
2032,17,True,music,True,6550,117
2033,357,True,music,True,5048,60
2034,1143,True,music,True,6700,472
2035,559,True,music,True,1467,98
2036,526,True,music,True,4864,29
2037,268,True,music,True,4053,189
2038,144,True,music,True,8210,461
2039,2000,True,music,True,4625,389
2040,1820,True,music,True,10250,201
2041,1808,True,music,True,14287,123
2042,2727,True,music,True,9627,863
2043,673,True,music,True,4599,105
2044,532,True,music,True,4796,31
2045,918,True,music,True,4211,39
2046,1721,True,music,True,3544,370
2047,1073,True,music,True,5229,363
2048,1369,True,music,True,8352,1640
2049,560,True,music,True,4649,205
2050,137,True,music,True,7142,122
2051,743,True,music,True,13857,294
2052,254,True,music,True,42981,1238
2053,518,True,music,True,11218,3162
2054,1628,True,music,True,17812,343
2055,315,True,music,True,9803,492
2056,30,True,music,True,10403,143
2057,658,True,music,True,19857,574
2058,22,True,music,True,5236,112
2059,361,True,music,True,5959,163
2060,577,True,music,True,12581,673
2061,543,True,music,True,2205,120
2062,246,True,music,True,5882,223
2063,0,True,music,True,0,0
2064,1964,True,music,True,23106,748
2065,0,True,music,True,0,0
